PriLevel,SecLevel,ThirdLevel,Trigger,Sync,Cycle,RefTime,ToothTime,Time
Flag,Flag,Flag,Flag,Flag,Flag,ms,ms,ms
1.000,0.000,1.000,0.000,1.000,0.000,89834.227,52.012,89834.227
0.000,0.000,1.000,0.000,1.000,0.000,89834.703,0.480,89834.703
1.000,0.000,1.000,0.000,1.000,0.000,89886.703,52.000,89886.703
0.000,0.000,1.000,0.000,1.000,0.000,89887.188,0.480,89887.188
1.000,0.000,1.000,0.000,1.000,0.000,89939.313,52.128,89939.313
0.000,0.000,1.000,0.000,1.000,0.000,89940.258,0.944,89940.258
1.000,0.000,1.000,0.000,1.000,0.000,89991.922,51.664,89991.922
0.000,0.000,1.000,0.000,1.000,0.000,89992.414,0.492,89992.414
1.000,0.000,1.000,0.000,1.000,0.000,90044.523,52.112,90044.523
0.000,0.000,1.000,0.000,1.000,0.000,90045.008,0.480,90045.008
1.000,0.000,1.000,0.000,1.000,0.000,90097.250,52.244,90097.250
0.000,0.000,1.000,0.000,1.000,0.000,90097.719,0.468,90097.719
1.000,0.000,1.000,0.000,1.000,0.000,90149.977,52.260,90149.977
0.000,0.000,1.000,0.000,1.000,0.000,90150.445,0.472,90150.445
1.000,0.000,1.000,0.000,1.000,0.000,90202.695,52.248,90202.695
0.000,0.000,1.000,0.000,1.000,0.000,90203.172,0.476,90203.172
1.000,0.000,1.000,0.000,1.000,0.000,90255.539,52.368,90255.539
0.000,0.000,1.000,0.000,1.000,0.000,90256.031,0.488,90256.031
1.000,0.000,1.000,0.000,1.000,0.000,90308.375,52.344,90308.375
0.000,0.000,1.000,0.000,1.000,0.000,90308.844,0.472,90308.844
1.000,0.000,1.000,0.000,1.000,0.000,90361.219,52.376,90361.219
0.000,0.000,1.000,0.000,1.000,0.000,90361.688,0.468,90361.688
1.000,0.000,1.000,0.000,1.000,0.000,90414.211,52.520,90414.211
0.000,0.000,1.000,0.000,1.000,0.000,90414.688,0.480,90414.688
1.000,0.000,1.000,0.000,1.000,0.000,90467.195,52.504,90467.195
0.000,0.000,1.000,0.000,1.000,0.000,90467.672,0.480,90467.672
1.000,0.000,1.000,0.000,1.000,0.000,90520.188,52.512,90520.188
0.000,0.000,1.000,0.000,1.000,0.000,90520.664,0.480,90520.664
1.000,0.000,1.000,0.000,1.000,0.000,90573.305,52.640,90573.305
0.000,0.000,1.000,0.000,1.000,0.000,90573.828,0.528,90573.828
1.000,0.000,1.000,0.000,1.000,0.000,90626.422,52.588,90626.422
0.000,0.000,1.000,0.000,1.000,0.000,90626.906,0.484,90626.906
1.000,0.000,1.000,0.000,1.000,0.000,90679.547,52.644,90679.547
0.000,0.000,1.000,0.000,1.000,0.000,90680.031,0.480,90680.031
1.000,0.000,1.000,0.000,1.000,0.000,90733.461,53.436,90733.461
0.000,0.000,1.000,0.000,1.000,0.000,90733.945,0.484,90733.945
1.000,0.000,1.000,0.000,1.000,0.000,90786.086,52.136,90786.086
0.000,0.000,1.000,0.000,1.000,0.000,90786.555,0.468,90786.555
1.000,0.000,1.000,0.000,1.000,0.000,90840.609,54.056,90840.609
0.000,0.000,1.000,0.000,1.000,0.000,90841.078,0.468,90841.078
1.000,0.000,1.000,0.000,1.000,0.000,90892.781,51.704,90892.781
0.000,0.000,1.000,0.000,1.000,0.000,90893.258,0.480,90893.258
1.000,0.000,1.000,0.000,1.000,0.000,90946.203,52.940,90946.203
0.000,0.000,1.000,0.000,1.000,0.000,90946.688,0.484,90946.688
1.000,0.000,1.000,0.000,1.000,0.000,90999.633,52.948,90999.633
0.000,0.000,1.000,0.000,1.000,0.000,91000.102,0.472,91000.102
1.000,0.000,1.000,0.000,1.000,0.000,91053.141,53.040,91053.141
0.000,0.000,1.000,0.000,1.000,0.000,91053.625,0.480,91053.625
1.000,0.000,1.000,0.000,1.000,0.000,91106.656,53.036,91106.656
0.000,0.000,1.000,0.000,1.000,0.000,91107.148,0.488,91107.148
1.000,0.000,1.000,0.000,1.000,0.000,91160.172,53.020,91160.172
0.000,0.000,1.000,0.000,1.000,0.000,91160.648,0.484,91160.648
1.000,0.000,1.000,0.000,1.000,0.000,91213.773,53.124,91213.773
0.000,0.000,1.000,0.000,1.000,0.000,91214.258,0.480,91214.258
1.000,0.000,1.000,0.000,1.000,0.000,91267.375,53.116,91267.375
0.000,0.000,1.000,0.000,1.000,0.000,91267.859,0.488,91267.859
1.000,0.000,1.000,0.000,1.000,0.000,91320.984,53.128,91320.984
0.000,0.000,1.000,0.000,1.000,0.000,91321.469,0.480,91321.469
1.000,0.000,1.000,0.000,1.000,0.000,91375.398,53.928,91375.398
0.000,0.000,1.000,0.000,1.000,0.000,91375.875,0.476,91375.875
1.000,0.000,1.000,0.000,1.000,0.000,91428.375,52.504,91428.375
0.000,0.000,1.000,0.000,1.000,0.000,91428.844,0.468,91428.844
1.000,0.000,1.000,0.000,1.000,0.000,91483.266,54.424,91483.266
0.000,0.000,1.000,0.000,1.000,0.000,91483.750,0.480,91483.750
1.000,0.000,1.000,0.000,1.000,0.000,91535.859,52.112,91535.859
0.000,0.000,1.000,0.000,1.000,0.000,91536.367,0.508,91536.367
1.000,0.000,1.000,0.000,1.000,0.000,91589.648,53.280,91589.648
0.000,0.000,1.000,0.000,1.000,0.000,91590.117,0.472,91590.117
1.000,0.000,1.000,0.000,1.000,0.000,91644.242,54.120,91644.242
0.000,0.000,1.000,0.000,1.000,0.000,91644.719,0.480,91644.719
1.000,0.000,1.000,0.000,1.000,0.000,91697.305,52.588,91697.305
0.000,0.000,1.000,0.000,1.000,0.000,91697.789,0.480,91697.789
1.000,0.000,1.000,0.000,1.000,0.000,91751.180,53.388,91751.180
0.000,0.000,1.000,0.000,1.000,0.000,91751.664,0.488,91751.664
1.000,0.000,1.000,0.000,1.000,0.000,91806.992,55.328,91806.992
0.000,0.000,1.000,0.000,1.000,0.000,91807.469,0.480,91807.469
1.000,0.000,1.000,0.000,1.000,0.000,91859.000,51.528,91859.000
0.000,0.000,1.000,0.000,1.000,0.000,91859.531,0.528,91859.531
1.000,0.000,1.000,0.000,1.000,0.000,91912.953,53.428,91912.953
0.000,0.000,1.000,0.000,1.000,0.000,91913.438,0.480,91913.438
1.000,0.000,1.000,0.000,1.000,0.000,91966.914,53.480,91966.914
0.000,0.000,1.000,0.000,1.000,0.000,91967.398,0.480,91967.398
1.000,0.000,1.000,0.000,1.000,0.000,92020.906,53.512,92020.906
0.000,0.000,1.000,0.000,1.000,0.000,92021.398,0.488,92021.398
1.000,0.000,1.000,0.000,1.000,0.000,92074.891,53.496,92074.891
0.000,0.000,1.000,0.000,1.000,0.000,92075.383,0.488,92075.383
1.000,0.000,1.000,0.000,1.000,0.000,92129.133,53.756,92129.133
0.000,0.000,1.000,0.000,1.000,0.000,92129.617,0.484,92129.617
1.000,0.000,1.000,0.000,1.000,0.000,92182.938,53.320,92182.938
0.000,0.000,1.000,0.000,1.000,0.000,92183.430,0.488,92183.430
1.000,0.000,1.000,0.000,1.000,0.000,92236.969,53.540,92236.969
0.000,0.000,1.000,0.000,1.000,0.000,92237.453,0.488,92237.453
1.000,0.000,1.000,0.000,1.000,0.000,92292.406,54.948,92292.406
0.000,0.000,1.000,0.000,1.000,0.000,92292.875,0.472,92292.875
1.000,0.000,1.000,0.000,1.000,0.000,92345.109,52.232,92345.109
0.000,0.000,1.000,0.000,1.000,0.000,92345.586,0.480,92345.586
1.000,0.000,1.000,0.000,1.000,0.000,92399.195,53.608,92399.195
0.000,0.000,1.000,0.000,1.000,0.000,92399.680,0.484,92399.680
1.000,0.000,1.000,0.000,1.000,0.000,92453.305,53.624,92453.305
0.000,0.000,1.000,0.000,1.000,0.000,92453.773,0.472,92453.773
1.000,0.000,1.000,0.000,1.000,0.000,92507.375,53.596,92507.375
0.000,0.000,1.000,0.000,1.000,0.000,92507.859,0.484,92507.859
1.000,0.000,1.000,0.000,1.000,0.000,92561.445,53.592,92561.445
0.000,0.000,1.000,0.000,1.000,0.000,92561.930,0.480,92561.930
1.000,0.000,1.000,0.000,1.000,0.000,92615.531,53.604,92615.531
0.000,0.000,1.000,0.000,1.000,0.000,92616.016,0.480,92616.016
1.000,0.000,1.000,0.000,1.000,0.000,92669.609,53.600,92669.609
0.000,0.000,1.000,0.000,1.000,0.000,92670.094,0.484,92670.094
1.000,0.000,1.000,0.000,1.000,0.000,92723.711,53.612,92723.711
0.000,0.000,1.000,0.000,1.000,0.000,92724.188,0.480,92724.188
1.000,0.000,1.000,0.000,1.000,0.000,92777.805,53.616,92777.805
0.000,0.000,1.000,0.000,1.000,0.000,92778.281,0.480,92778.281
1.000,0.000,1.000,0.000,1.000,0.000,92831.891,53.604,92831.891
0.000,0.000,1.000,0.000,1.000,0.000,92832.359,0.472,92832.359
1.000,0.000,1.000,0.000,1.000,0.000,92885.961,53.604,92885.961
0.000,0.000,1.000,0.000,1.000,0.000,92886.445,0.484,92886.445
1.000,0.000,1.000,0.000,1.000,0.000,92940.063,53.616,92940.063
0.000,0.000,1.000,0.000,1.000,0.000,92940.547,0.480,92940.547
1.000,0.000,1.000,0.000,1.000,0.000,92994.148,53.608,92994.148
0.000,0.000,1.000,0.000,1.000,0.000,92994.633,0.480,92994.633
1.000,0.000,1.000,0.000,1.000,0.000,93048.234,53.600,93048.234
0.000,0.000,1.000,0.000,1.000,0.000,93048.711,0.480,93048.711
1.000,0.000,1.000,0.000,1.000,0.000,93102.313,53.604,93102.313
0.000,0.000,1.000,0.000,1.000,0.000,93102.797,0.480,93102.797
1.000,0.000,1.000,0.000,1.000,0.000,93156.414,53.620,93156.414
0.000,0.000,1.000,0.000,1.000,0.000,93156.898,0.484,93156.898
1.000,0.000,1.000,0.000,1.000,0.000,93210.516,53.612,93210.516
1.000,0.000,1.000,0.000,1.000,0.000,93427.492,216.984,93427.492
0.000,0.000,1.000,0.000,1.000,0.000,93428.016,0.520,93428.016
1.000,0.000,1.000,0.000,1.000,0.000,93481.570,53.552,93481.570
0.000,0.000,1.000,0.000,1.000,0.000,93482.047,0.480,93482.047
0.000,0.000,0.000,0.000,0.000,0.000,93482.047,0.480,93482.047
0.000,0.000,0.000,0.000,0.000,0.000,93482.047,0.480,93482.047
0.000,0.000,0.000,0.000,0.000,0.000,93482.047,0.480,93482.047
0.000,0.000,0.000,0.000,0.000,0.000,93482.047,0.480,93482.047
0.000,0.000,0.000,0.000,0.000,0.000,93482.047,0.480,93482.047
0.000,0.000,0.000,0.000,0.000,0.000,93482.047,0.480,93482.047
0.000,0.000,0.000,0.000,0.000,0.000,93482.047,0.480,93482.047
0.000,0.000,0.000,0.000,0.000,0.000,93482.047,0.480,93482.047
0.000,0.000,0.000,0.000,0.000,0.000,93482.047,0.480,93482.047
0.000,0.000,0.000,0.000,0.000,0.000,93482.047,0.480,93482.047
0.000,0.000,0.000,0.000,0.000,0.000,93482.047,0.480,93482.047
0.000,0.000,0.000,0.000,0.000,0.000,93482.047,0.480,93482.047
0.000,0.000,0.000,0.000,0.000,0.000,93482.047,0.480,93482.047
0.000,0.000,0.000,0.000,0.000,0.000,93482.047,0.480,93482.047
0.000,0.000,0.000,0.000,0.000,0.000,93482.047,0.480,93482.047
0.000,0.000,0.000,0.000,0.000,0.000,93482.047,0.480,93482.047
0.000,0.000,0.000,0.000,0.000,0.000,93482.047,0.480,93482.047
0.000,0.000,0.000,0.000,0.000,0.000,93482.047,0.480,93482.047
0.000,0.000,0.000,0.000,0.000,0.000,93482.047,0.480,93482.047
0.000,0.000,0.000,0.000,0.000,0.000,93482.047,0.480,93482.047
0.000,0.000,0.000,0.000,0.000,0.000,93482.047,0.480,93482.047
0.000,0.000,0.000,0.000,0.000,0.000,93482.047,0.480,93482.047
0.000,0.000,0.000,0.000,0.000,0.000,93482.047,0.480,93482.047
0.000,0.000,0.000,0.000,0.000,0.000,93482.047,0.480,93482.047
0.000,0.000,0.000,0.000,0.000,0.000,93482.047,0.480,93482.047
0.000,0.000,0.000,0.000,0.000,0.000,93482.047,0.480,93482.047
0.000,0.000,0.000,0.000,0.000,0.000,93482.047,0.480,93482.047
0.000,0.000,0.000,0.000,0.000,0.000,93482.047,0.480,93482.047
0.000,0.000,0.000,0.000,0.000,0.000,93482.047,0.480,93482.047
0.000,0.000,0.000,0.000,0.000,0.000,93482.047,0.480,93482.047
0.000,0.000,0.000,0.000,0.000,0.000,93482.047,0.480,93482.047
0.000,0.000,0.000,0.000,0.000,0.000,93482.047,0.480,93482.047
0.000,0.000,0.000,0.000,0.000,0.000,93482.047,0.480,93482.047
0.000,0.000,0.000,0.000,0.000,0.000,93482.047,0.480,93482.047
0.000,0.000,0.000,0.000,0.000,0.000,93482.047,0.480,93482.047
0.000,0.000,0.000,0.000,0.000,0.000,93482.047,0.480,93482.047
0.000,0.000,0.000,0.000,0.000,0.000,93482.047,0.480,93482.047
0.000,0.000,0.000,0.000,0.000,0.000,93482.047,0.480,93482.047
0.000,0.000,0.000,0.000,0.000,0.000,93482.047,0.480,93482.047
0.000,0.000,0.000,0.000,0.000,0.000,93482.047,0.480,93482.047
0.000,0.000,0.000,0.000,0.000,0.000,93482.047,0.480,93482.047
0.000,0.000,0.000,0.000,0.000,0.000,93482.047,0.480,93482.047
0.000,0.000,0.000,0.000,0.000,0.000,93482.047,0.480,93482.047
0.000,0.000,0.000,0.000,0.000,0.000,93482.047,0.480,93482.047
0.000,0.000,0.000,0.000,0.000,0.000,93482.047,0.480,93482.047
0.000,0.000,0.000,0.000,0.000,0.000,93482.047,0.480,93482.047
0.000,0.000,0.000,0.000,0.000,0.000,93482.047,0.480,93482.047
0.000,0.000,0.000,0.000,0.000,0.000,93482.047,0.480,93482.047
0.000,0.000,0.000,0.000,0.000,0.000,93482.047,0.480,93482.047
0.000,0.000,0.000,0.000,0.000,0.000,93482.047,0.480,93482.047
0.000,0.000,0.000,0.000,0.000,0.000,93482.047,0.480,93482.047
0.000,0.000,0.000,0.000,0.000,0.000,93482.047,0.480,93482.047
0.000,0.000,0.000,0.000,0.000,0.000,93482.047,0.480,93482.047
0.000,0.000,0.000,0.000,0.000,0.000,93482.047,0.480,93482.047
0.000,0.000,0.000,0.000,0.000,0.000,93482.047,0.480,93482.047
0.000,0.000,0.000,0.000,0.000,0.000,93482.047,0.480,93482.047
0.000,0.000,0.000,0.000,0.000,0.000,93482.047,0.480,93482.047
0.000,0.000,0.000,0.000,0.000,0.000,93482.047,0.480,93482.047
0.000,0.000,0.000,0.000,0.000,0.000,93482.047,0.480,93482.047
0.000,0.000,0.000,0.000,0.000,0.000,93482.047,0.480,93482.047
0.000,0.000,0.000,0.000,0.000,0.000,93482.047,0.480,93482.047
0.000,0.000,0.000,0.000,0.000,0.000,93482.047,0.480,93482.047
0.000,0.000,0.000,0.000,0.000,0.000,93482.047,0.480,93482.047
0.000,0.000,0.000,0.000,0.000,0.000,93482.047,0.480,93482.047
0.000,0.000,0.000,0.000,0.000,0.000,93482.047,0.480,93482.047
0.000,0.000,0.000,0.000,0.000,0.000,93482.047,0.480,93482.047
0.000,0.000,0.000,0.000,0.000,0.000,93482.047,0.480,93482.047
0.000,0.000,0.000,0.000,0.000,0.000,93482.047,0.480,93482.047
0.000,0.000,0.000,0.000,0.000,0.000,93482.047,0.480,93482.047
0.000,0.000,0.000,0.000,0.000,0.000,93482.047,0.480,93482.047
0.000,0.000,0.000,0.000,0.000,0.000,93482.047,0.480,93482.047
0.000,0.000,0.000,0.000,0.000,0.000,93482.047,0.480,93482.047
0.000,0.000,0.000,0.000,0.000,0.000,93482.047,0.480,93482.047
0.000,0.000,0.000,0.000,0.000,0.000,93482.047,0.480,93482.047
0.000,0.000,0.000,0.000,0.000,0.000,93482.047,0.480,93482.047
0.000,0.000,0.000,0.000,0.000,0.000,93482.047,0.480,93482.047
0.000,0.000,0.000,0.000,0.000,0.000,93482.047,0.480,93482.047
0.000,0.000,0.000,0.000,0.000,0.000,93482.047,0.480,93482.047
0.000,0.000,0.000,0.000,0.000,0.000,93482.047,0.480,93482.047
0.000,0.000,0.000,0.000,0.000,0.000,93482.047,0.480,93482.047
0.000,0.000,0.000,0.000,0.000,0.000,93482.047,0.480,93482.047
0.000,0.000,0.000,0.000,0.000,0.000,93482.047,0.480,93482.047
0.000,0.000,0.000,0.000,0.000,0.000,93482.047,0.480,93482.047
0.000,0.000,0.000,0.000,0.000,0.000,93482.047,0.480,93482.047
0.000,0.000,0.000,0.000,0.000,0.000,93482.047,0.480,93482.047
0.000,0.000,0.000,0.000,0.000,0.000,93482.047,0.480,93482.047
0.000,0.000,0.000,0.000,0.000,0.000,93482.047,0.480,93482.047
0.000,0.000,0.000,0.000,0.000,0.000,93482.047,0.480,93482.047
0.000,0.000,0.000,0.000,0.000,0.000,93482.047,0.480,93482.047
0.000,0.000,0.000,0.000,0.000,0.000,93482.047,0.480,93482.047
0.000,0.000,0.000,0.000,0.000,0.000,93482.047,0.480,93482.047
0.000,0.000,0.000,0.000,0.000,0.000,93482.047,0.480,93482.047
0.000,0.000,0.000,0.000,0.000,0.000,93482.047,0.480,93482.047
0.000,0.000,0.000,0.000,0.000,0.000,93482.047,0.480,93482.047
0.000,0.000,0.000,0.000,0.000,0.000,93482.047,0.480,93482.047
0.000,0.000,0.000,0.000,0.000,0.000,93482.047,0.480,93482.047
0.000,0.000,0.000,0.000,0.000,0.000,93482.047,0.480,93482.047
0.000,0.000,0.000,0.000,0.000,0.000,93482.047,0.480,93482.047
0.000,0.000,0.000,0.000,0.000,0.000,93482.047,0.480,93482.047
0.000,0.000,0.000,0.000,0.000,0.000,93482.047,0.480,93482.047
0.000,0.000,0.000,0.000,0.000,0.000,93482.047,0.480,93482.047
0.000,0.000,0.000,0.000,0.000,0.000,93482.047,0.480,93482.047
0.000,0.000,0.000,0.000,0.000,0.000,93482.047,0.480,93482.047
0.000,0.000,0.000,0.000,0.000,0.000,93482.047,0.480,93482.047
0.000,0.000,0.000,0.000,0.000,0.000,93482.047,0.480,93482.047
0.000,0.000,0.000,0.000,0.000,0.000,93482.047,0.480,93482.047
0.000,0.000,0.000,0.000,0.000,0.000,93482.047,0.480,93482.047
0.000,0.000,0.000,0.000,0.000,0.000,93482.047,0.480,93482.047
0.000,0.000,0.000,0.000,0.000,0.000,93482.047,0.480,93482.047
0.000,0.000,0.000,0.000,0.000,0.000,93482.047,0.480,93482.047
0.000,0.000,0.000,0.000,0.000,0.000,93482.047,0.480,93482.047
0.000,0.000,0.000,0.000,0.000,0.000,93482.047,0.480,93482.047
0.000,0.000,0.000,0.000,0.000,0.000,93482.047,0.480,93482.047
0.000,0.000,0.000,0.000,0.000,0.000,93482.047,0.480,93482.047
0.000,0.000,0.000,0.000,0.000,0.000,93482.047,0.480,93482.047
0.000,0.000,0.000,0.000,0.000,0.000,93482.047,0.480,93482.047
0.000,0.000,0.000,0.000,0.000,0.000,93482.047,0.480,93482.047
0.000,0.000,0.000,0.000,0.000,0.000,93482.047,0.480,93482.047
0.000,0.000,0.000,0.000,0.000,0.000,93482.047,0.480,93482.047
0.000,0.000,0.000,0.000,0.000,0.000,93482.047,0.480,93482.047
0.000,0.000,0.000,0.000,0.000,0.000,93482.047,0.480,93482.047
0.000,0.000,0.000,0.000,0.000,0.000,93482.047,0.480,93482.047
0.000,0.000,0.000,0.000,0.000,0.000,93482.047,0.480,93482.047
MARK 000
1.000,0.000,1.000,0.000,1.000,0.000,93589.297,107.252,93589.297
0.000,0.000,1.000,0.000,1.000,0.000,93589.797,0.496,93589.797
1.000,0.000,1.000,0.000,1.000,0.000,93643.445,53.652,93643.445
0.000,0.000,1.000,0.000,1.000,0.000,93643.930,0.480,93643.930
1.000,0.000,1.000,0.000,1.000,0.000,93697.594,53.664,93697.594
0.000,0.000,1.000,0.000,1.000,0.000,93698.070,0.480,93698.070
1.000,0.000,1.000,0.000,1.000,0.000,93752.797,54.724,93752.797
0.000,0.000,1.000,0.000,1.000,0.000,93753.273,0.480,93753.273
1.000,0.000,1.000,0.000,1.000,0.000,93805.922,52.648,93805.922
0.000,0.000,1.000,0.000,1.000,0.000,93806.406,0.480,93806.406
1.000,0.000,1.000,0.000,1.000,0.000,93860.109,53.704,93860.109
0.000,0.000,1.000,0.000,1.000,0.000,93860.586,0.480,93860.586
1.000,0.000,1.000,0.000,1.000,0.000,93914.297,53.708,93914.297
0.000,0.000,1.000,0.000,1.000,0.000,93914.773,0.480,93914.773
1.000,0.000,1.000,0.000,1.000,0.000,93968.484,53.712,93968.484
0.000,0.000,1.000,0.000,1.000,0.000,93968.961,0.476,93968.961
1.000,0.000,1.000,0.000,1.000,0.000,94022.680,53.712,94022.680
0.000,0.000,1.000,0.000,1.000,0.000,94023.156,0.484,94023.156
1.000,0.000,1.000,0.000,1.000,0.000,94076.883,53.724,94076.883
0.000,0.000,1.000,0.000,1.000,0.000,94077.375,0.488,94077.375
1.000,0.000,1.000,0.000,1.000,0.000,94131.055,53.684,94131.055
0.000,0.000,1.000,0.000,1.000,0.000,94131.531,0.476,94131.531
1.000,0.000,1.000,0.000,1.000,0.000,94185.250,53.716,94185.250
0.000,0.000,1.000,0.000,1.000,0.000,94185.773,0.524,94185.773
1.000,0.000,1.000,0.000,1.000,0.000,94240.922,55.148,94240.922
0.000,0.000,1.000,0.000,1.000,0.000,94241.398,0.480,94241.398
1.000,0.000,1.000,0.000,1.000,0.000,94293.672,52.268,94293.672
0.000,0.000,1.000,0.000,1.000,0.000,94294.141,0.472,94294.141
1.000,0.000,1.000,0.000,1.000,0.000,94347.883,53.744,94347.883
0.000,0.000,1.000,0.000,1.000,0.000,94348.359,0.472,94348.359
1.000,0.000,1.000,0.000,1.000,0.000,94403.094,54.740,94403.094
0.000,0.000,1.000,0.000,1.000,0.000,94403.578,0.480,94403.578
1.000,0.000,1.000,0.000,1.000,0.000,94456.359,52.784,94456.359
0.000,0.000,1.000,0.000,1.000,0.000,94456.844,0.484,94456.844
1.000,0.000,1.000,0.000,1.000,0.000,94510.602,53.760,94510.602
0.000,0.000,1.000,0.000,1.000,0.000,94511.086,0.480,94511.086
1.000,0.000,1.000,0.000,1.000,0.000,94566.750,55.664,94566.750
0.000,0.000,1.000,0.000,1.000,0.000,94567.227,0.480,94567.227
1.000,0.000,1.000,0.000,1.000,0.000,94619.289,52.060,94619.289
0.000,0.000,1.000,0.000,1.000,0.000,94619.766,0.476,94619.766
1.000,0.000,1.000,0.000,1.000,0.000,94673.414,53.648,94673.414
0.000,0.000,1.000,0.000,1.000,0.000,94673.883,0.472,94673.883
1.000,0.000,1.000,0.000,1.000,0.000,94727.688,53.800,94727.688
0.000,0.000,1.000,0.000,1.000,0.000,94728.172,0.488,94728.172
1.000,0.000,1.000,0.000,1.000,0.000,94781.961,53.792,94781.961
0.000,0.000,1.000,0.000,1.000,0.000,94782.445,0.480,94782.445
1.000,0.000,1.000,0.000,1.000,0.000,94836.234,53.788,94836.234
0.000,0.000,1.000,0.000,1.000,0.000,94836.719,0.484,94836.719
1.000,0.000,1.000,0.000,1.000,0.000,94890.508,53.788,94890.508
0.000,0.000,1.000,0.000,1.000,0.000,94890.984,0.480,94890.984
1.000,0.000,1.000,0.000,1.000,0.000,94944.773,53.788,94944.773
0.000,0.000,1.000,0.000,1.000,0.000,94945.258,0.488,94945.258
1.000,0.000,1.000,0.000,1.000,0.000,94999.031,53.768,94999.031
0.000,0.000,1.000,0.000,1.000,0.000,94999.500,0.472,94999.500
1.000,0.000,1.000,0.000,1.000,0.000,95054.703,55.204,95054.703
0.000,0.000,1.000,0.000,1.000,0.000,95055.188,0.480,95055.188
1.000,0.000,1.000,0.000,1.000,0.000,95108.352,53.164,95108.352
0.000,0.000,1.000,0.000,1.000,0.000,95108.820,0.472,95108.820
1.000,0.000,1.000,0.000,1.000,0.000,95161.891,53.068,95161.891
0.000,0.000,1.000,0.000,1.000,0.000,95162.367,0.480,95162.367
1.000,0.000,1.000,0.000,1.000,0.000,95218.828,56.460,95218.828
0.000,0.000,1.000,0.000,1.000,0.000,95219.297,0.472,95219.297
1.000,0.000,1.000,0.000,1.000,0.000,95270.492,51.196,95270.492
0.000,0.000,1.000,0.000,1.000,0.000,95270.984,0.488,95270.984
1.000,0.000,1.000,0.000,1.000,0.000,95324.828,53.844,95324.828
0.000,0.000,1.000,0.000,1.000,0.000,95325.297,0.472,95325.297
1.000,0.000,1.000,0.000,1.000,0.000,95381.789,56.488,95381.789
0.000,0.000,1.000,0.000,1.000,0.000,95382.258,0.468,95382.258
1.000,0.000,1.000,0.000,1.000,0.000,95433.492,51.240,95433.492
0.000,0.000,1.000,0.000,1.000,0.000,95433.977,0.480,95433.977
1.000,0.000,1.000,0.000,1.000,0.000,95487.844,53.864,95487.844
0.000,0.000,1.000,0.000,1.000,0.000,95488.320,0.480,95488.320
1.000,0.000,1.000,0.000,1.000,0.000,95546.102,57.780,95546.102
0.000,0.000,1.000,0.000,1.000,0.000,95546.578,0.480,95546.578
1.000,0.000,1.000,0.000,1.000,0.000,95596.578,50.000,95596.578
0.000,0.000,1.000,0.000,1.000,0.000,95597.070,0.488,95597.070
1.000,0.000,1.000,0.000,1.000,0.000,95650.961,53.896,95650.961
0.000,0.000,1.000,0.000,1.000,0.000,95651.445,0.480,95651.445
1.000,0.000,1.000,0.000,1.000,0.000,95705.344,53.900,95705.344
0.000,0.000,1.000,0.000,1.000,0.000,95705.828,0.484,95705.828
1.000,0.000,1.000,0.000,1.000,0.000,95759.742,53.912,95759.742
0.000,0.000,1.000,0.000,1.000,0.000,95760.211,0.468,95760.211
1.000,0.000,1.000,0.000,1.000,0.000,95814.203,53.992,95814.203
0.000,0.000,1.000,0.000,1.000,0.000,95814.680,0.476,95814.680
1.000,0.000,1.000,0.000,1.000,0.000,95868.656,53.980,95868.656
0.000,0.000,1.000,0.000,1.000,0.000,95869.188,0.528,95869.188
1.000,0.000,1.000,0.000,1.000,0.000,95923.109,53.924,95923.109
0.000,0.000,1.000,0.000,1.000,0.000,95923.594,0.488,95923.594
1.000,0.000,1.000,0.000,1.000,0.000,95977.609,54.016,95977.609
0.000,0.000,1.000,0.000,1.000,0.000,95978.094,0.480,95978.094
1.000,0.000,1.000,0.000,1.000,0.000,96035.609,57.516,96035.609
0.000,0.000,1.000,0.000,1.000,0.000,96036.078,0.472,96036.078
1.000,0.000,1.000,0.000,1.000,0.000,96086.617,50.540,96086.617
0.000,0.000,1.000,0.000,1.000,0.000,96087.102,0.484,96087.102
1.000,0.000,1.000,0.000,1.000,0.000,96141.133,54.032,96141.133
0.000,0.000,1.000,0.000,1.000,0.000,96141.617,0.484,96141.617
1.000,0.000,1.000,0.000,1.000,0.000,96195.656,54.036,96195.656
0.000,0.000,1.000,0.000,1.000,0.000,96200.125,4.468,96200.125
1.000,0.000,1.000,0.000,1.000,0.000,96250.172,50.048,96250.172
0.000,0.000,1.000,0.000,1.000,0.000,96250.656,0.484,96250.656
1.000,0.000,1.000,0.000,1.000,0.000,96304.703,54.044,96304.703
0.000,0.000,1.000,0.000,1.000,0.000,96305.180,0.480,96305.180
1.000,0.000,1.000,0.000,1.000,0.000,96359.234,54.056,96359.234
0.000,0.000,1.000,0.000,1.000,0.000,96359.703,0.468,96359.703
1.000,0.000,1.000,0.000,1.000,0.000,96413.766,54.064,96413.766
0.000,0.000,1.000,0.000,1.000,0.000,96414.250,0.480,96414.250
1.000,0.000,1.000,0.000,1.000,0.000,96468.344,54.092,96468.344
0.000,0.000,1.000,0.000,1.000,0.000,96468.805,0.468,96468.805
1.000,0.000,1.000,0.000,1.000,0.000,96522.922,54.112,96522.922
0.000,0.000,1.000,0.000,1.000,0.000,96523.461,0.544,96523.461
1.000,0.000,1.000,0.000,1.000,0.000,96577.492,54.032,96577.492
0.000,0.000,1.000,0.000,1.000,0.000,96577.961,0.468,96577.961
1.000,0.000,1.000,0.000,1.000,0.000,96632.102,54.136,96632.102
0.000,0.000,1.000,0.000,1.000,0.000,96632.578,0.480,96632.578
1.000,0.000,1.000,0.000,1.000,0.000,96686.727,54.144,96686.727
0.000,0.000,1.000,0.000,1.000,0.000,96687.211,0.484,96687.211
1.000,0.000,1.000,0.000,1.000,0.000,96741.352,54.140,96741.352
0.000,0.000,1.000,0.000,1.000,0.000,96741.828,0.480,96741.828
1.000,0.000,1.000,0.000,1.000,0.000,96796.000,54.172,96796.000
0.000,0.000,1.000,0.000,1.000,0.000,96796.469,0.472,96796.469
1.000,0.000,1.000,0.000,1.000,0.000,96850.672,54.196,96850.672
0.000,0.000,1.000,0.000,1.000,0.000,96851.148,0.480,96851.148
1.000,0.000,1.000,0.000,1.000,0.000,96905.313,54.168,96905.313
0.000,0.000,1.000,0.000,1.000,0.000,96905.781,0.468,96905.781
1.000,0.000,1.000,0.000,1.000,0.000,96959.992,54.212,96959.992
0.000,0.000,1.000,0.000,1.000,0.000,96960.477,0.484,96960.477
1.000,0.000,1.000,0.000,1.000,0.000,97014.680,54.200,97014.680
1.000,0.000,1.000,0.000,1.000,0.000,97288.297,273.620,97288.297
0.000,0.000,1.000,0.000,1.000,0.000,97288.773,0.472,97288.773
1.000,0.000,1.000,0.000,1.000,0.000,97345.727,56.956,97345.727
0.000,0.000,1.000,0.000,1.000,0.000,97346.195,0.464,97346.195
0.000,0.000,0.000,0.000,0.000,0.000,97346.195,0.464,97346.195
0.000,0.000,0.000,0.000,0.000,0.000,97346.195,0.464,97346.195
0.000,0.000,0.000,0.000,0.000,0.000,97346.195,0.464,97346.195
0.000,0.000,0.000,0.000,0.000,0.000,97346.195,0.464,97346.195
0.000,0.000,0.000,0.000,0.000,0.000,97346.195,0.464,97346.195
0.000,0.000,0.000,0.000,0.000,0.000,97346.195,0.464,97346.195
0.000,0.000,0.000,0.000,0.000,0.000,97346.195,0.464,97346.195
0.000,0.000,0.000,0.000,0.000,0.000,97346.195,0.464,97346.195
0.000,0.000,0.000,0.000,0.000,0.000,97346.195,0.464,97346.195
0.000,0.000,0.000,0.000,0.000,0.000,97346.195,0.464,97346.195
0.000,0.000,0.000,0.000,0.000,0.000,97346.195,0.464,97346.195
0.000,0.000,0.000,0.000,0.000,0.000,97346.195,0.464,97346.195
0.000,0.000,0.000,0.000,0.000,0.000,97346.195,0.464,97346.195
0.000,0.000,0.000,0.000,0.000,0.000,97346.195,0.464,97346.195
0.000,0.000,0.000,0.000,0.000,0.000,97346.195,0.464,97346.195
0.000,0.000,0.000,0.000,0.000,0.000,97346.195,0.464,97346.195
0.000,0.000,0.000,0.000,0.000,0.000,97346.195,0.464,97346.195
0.000,0.000,0.000,0.000,0.000,0.000,97346.195,0.464,97346.195
0.000,0.000,0.000,0.000,0.000,0.000,97346.195,0.464,97346.195
0.000,0.000,0.000,0.000,0.000,0.000,97346.195,0.464,97346.195
0.000,0.000,0.000,0.000,0.000,0.000,97346.195,0.464,97346.195
0.000,0.000,0.000,0.000,0.000,0.000,97346.195,0.464,97346.195
0.000,0.000,0.000,0.000,0.000,0.000,97346.195,0.464,97346.195
0.000,0.000,0.000,0.000,0.000,0.000,97346.195,0.464,97346.195
0.000,0.000,0.000,0.000,0.000,0.000,97346.195,0.464,97346.195
0.000,0.000,0.000,0.000,0.000,0.000,97346.195,0.464,97346.195
0.000,0.000,0.000,0.000,0.000,0.000,97346.195,0.464,97346.195
0.000,0.000,0.000,0.000,0.000,0.000,97346.195,0.464,97346.195
0.000,0.000,0.000,0.000,0.000,0.000,97346.195,0.464,97346.195
0.000,0.000,0.000,0.000,0.000,0.000,97346.195,0.464,97346.195
0.000,0.000,0.000,0.000,0.000,0.000,97346.195,0.464,97346.195
0.000,0.000,0.000,0.000,0.000,0.000,97346.195,0.464,97346.195
0.000,0.000,0.000,0.000,0.000,0.000,97346.195,0.464,97346.195
0.000,0.000,0.000,0.000,0.000,0.000,97346.195,0.464,97346.195
0.000,0.000,0.000,0.000,0.000,0.000,97346.195,0.464,97346.195
0.000,0.000,0.000,0.000,0.000,0.000,97346.195,0.464,97346.195
0.000,0.000,0.000,0.000,0.000,0.000,97346.195,0.464,97346.195
0.000,0.000,0.000,0.000,0.000,0.000,97346.195,0.464,97346.195
0.000,0.000,0.000,0.000,0.000,0.000,97346.195,0.464,97346.195
0.000,0.000,0.000,0.000,0.000,0.000,97346.195,0.464,97346.195
0.000,0.000,0.000,0.000,0.000,0.000,97346.195,0.464,97346.195
0.000,0.000,0.000,0.000,0.000,0.000,97346.195,0.464,97346.195
0.000,0.000,0.000,0.000,0.000,0.000,97346.195,0.464,97346.195
0.000,0.000,0.000,0.000,0.000,0.000,97346.195,0.464,97346.195
0.000,0.000,0.000,0.000,0.000,0.000,97346.195,0.464,97346.195
0.000,0.000,0.000,0.000,0.000,0.000,97346.195,0.464,97346.195
0.000,0.000,0.000,0.000,0.000,0.000,97346.195,0.464,97346.195
0.000,0.000,0.000,0.000,0.000,0.000,97346.195,0.464,97346.195
0.000,0.000,0.000,0.000,0.000,0.000,97346.195,0.464,97346.195
0.000,0.000,0.000,0.000,0.000,0.000,97346.195,0.464,97346.195
0.000,0.000,0.000,0.000,0.000,0.000,97346.195,0.464,97346.195
0.000,0.000,0.000,0.000,0.000,0.000,97346.195,0.464,97346.195
0.000,0.000,0.000,0.000,0.000,0.000,97346.195,0.464,97346.195
0.000,0.000,0.000,0.000,0.000,0.000,97346.195,0.464,97346.195
0.000,0.000,0.000,0.000,0.000,0.000,97346.195,0.464,97346.195
0.000,0.000,0.000,0.000,0.000,0.000,97346.195,0.464,97346.195
0.000,0.000,0.000,0.000,0.000,0.000,97346.195,0.464,97346.195
0.000,0.000,0.000,0.000,0.000,0.000,97346.195,0.464,97346.195
0.000,0.000,0.000,0.000,0.000,0.000,97346.195,0.464,97346.195
0.000,0.000,0.000,0.000,0.000,0.000,97346.195,0.464,97346.195
0.000,0.000,0.000,0.000,0.000,0.000,97346.195,0.464,97346.195
0.000,0.000,0.000,0.000,0.000,0.000,97346.195,0.464,97346.195
0.000,0.000,0.000,0.000,0.000,0.000,97346.195,0.464,97346.195
0.000,0.000,0.000,0.000,0.000,0.000,97346.195,0.464,97346.195
0.000,0.000,0.000,0.000,0.000,0.000,97346.195,0.464,97346.195
0.000,0.000,0.000,0.000,0.000,0.000,97346.195,0.464,97346.195
0.000,0.000,0.000,0.000,0.000,0.000,97346.195,0.464,97346.195
0.000,0.000,0.000,0.000,0.000,0.000,97346.195,0.464,97346.195
0.000,0.000,0.000,0.000,0.000,0.000,97346.195,0.464,97346.195
0.000,0.000,0.000,0.000,0.000,0.000,97346.195,0.464,97346.195
0.000,0.000,0.000,0.000,0.000,0.000,97346.195,0.464,97346.195
0.000,0.000,0.000,0.000,0.000,0.000,97346.195,0.464,97346.195
0.000,0.000,0.000,0.000,0.000,0.000,97346.195,0.464,97346.195
0.000,0.000,0.000,0.000,0.000,0.000,97346.195,0.464,97346.195
0.000,0.000,0.000,0.000,0.000,0.000,97346.195,0.464,97346.195
0.000,0.000,0.000,0.000,0.000,0.000,97346.195,0.464,97346.195
0.000,0.000,0.000,0.000,0.000,0.000,97346.195,0.464,97346.195
0.000,0.000,0.000,0.000,0.000,0.000,97346.195,0.464,97346.195
0.000,0.000,0.000,0.000,0.000,0.000,97346.195,0.464,97346.195
0.000,0.000,0.000,0.000,0.000,0.000,97346.195,0.464,97346.195
0.000,0.000,0.000,0.000,0.000,0.000,97346.195,0.464,97346.195
0.000,0.000,0.000,0.000,0.000,0.000,97346.195,0.464,97346.195
0.000,0.000,0.000,0.000,0.000,0.000,97346.195,0.464,97346.195
0.000,0.000,0.000,0.000,0.000,0.000,97346.195,0.464,97346.195
0.000,0.000,0.000,0.000,0.000,0.000,97346.195,0.464,97346.195
0.000,0.000,0.000,0.000,0.000,0.000,97346.195,0.464,97346.195
0.000,0.000,0.000,0.000,0.000,0.000,97346.195,0.464,97346.195
0.000,0.000,0.000,0.000,0.000,0.000,97346.195,0.464,97346.195
0.000,0.000,0.000,0.000,0.000,0.000,97346.195,0.464,97346.195
0.000,0.000,0.000,0.000,0.000,0.000,97346.195,0.464,97346.195
0.000,0.000,0.000,0.000,0.000,0.000,97346.195,0.464,97346.195
0.000,0.000,0.000,0.000,0.000,0.000,97346.195,0.464,97346.195
0.000,0.000,0.000,0.000,0.000,0.000,97346.195,0.464,97346.195
0.000,0.000,0.000,0.000,0.000,0.000,97346.195,0.464,97346.195
0.000,0.000,0.000,0.000,0.000,0.000,97346.195,0.464,97346.195
0.000,0.000,0.000,0.000,0.000,0.000,97346.195,0.464,97346.195
0.000,0.000,0.000,0.000,0.000,0.000,97346.195,0.464,97346.195
0.000,0.000,0.000,0.000,0.000,0.000,97346.195,0.464,97346.195
0.000,0.000,0.000,0.000,0.000,0.000,97346.195,0.464,97346.195
0.000,0.000,0.000,0.000,0.000,0.000,97346.195,0.464,97346.195
0.000,0.000,0.000,0.000,0.000,0.000,97346.195,0.464,97346.195
0.000,0.000,0.000,0.000,0.000,0.000,97346.195,0.464,97346.195
0.000,0.000,0.000,0.000,0.000,0.000,97346.195,0.464,97346.195
0.000,0.000,0.000,0.000,0.000,0.000,97346.195,0.464,97346.195
0.000,0.000,0.000,0.000,0.000,0.000,97346.195,0.464,97346.195
0.000,0.000,0.000,0.000,0.000,0.000,97346.195,0.464,97346.195
0.000,0.000,0.000,0.000,0.000,0.000,97346.195,0.464,97346.195
0.000,0.000,0.000,0.000,0.000,0.000,97346.195,0.464,97346.195
0.000,0.000,0.000,0.000,0.000,0.000,97346.195,0.464,97346.195
0.000,0.000,0.000,0.000,0.000,0.000,97346.195,0.464,97346.195
0.000,0.000,0.000,0.000,0.000,0.000,97346.195,0.464,97346.195
0.000,0.000,0.000,0.000,0.000,0.000,97346.195,0.464,97346.195
0.000,0.000,0.000,0.000,0.000,0.000,97346.195,0.464,97346.195
0.000,0.000,0.000,0.000,0.000,0.000,97346.195,0.464,97346.195
0.000,0.000,0.000,0.000,0.000,0.000,97346.195,0.464,97346.195
0.000,0.000,0.000,0.000,0.000,0.000,97346.195,0.464,97346.195
0.000,0.000,0.000,0.000,0.000,0.000,97346.195,0.464,97346.195
0.000,0.000,0.000,0.000,0.000,0.000,97346.195,0.464,97346.195
0.000,0.000,0.000,0.000,0.000,0.000,97346.195,0.464,97346.195
0.000,0.000,0.000,0.000,0.000,0.000,97346.195,0.464,97346.195
0.000,0.000,0.000,0.000,0.000,0.000,97346.195,0.464,97346.195
0.000,0.000,0.000,0.000,0.000,0.000,97346.195,0.464,97346.195
0.000,0.000,0.000,0.000,0.000,0.000,97346.195,0.464,97346.195
MARK 001
1.000,0.000,1.000,0.000,1.000,0.000,97452.523,106.328,97452.523
0.000,0.000,1.000,0.000,1.000,0.000,97453.008,0.488,97453.008
1.000,0.000,1.000,0.000,1.000,0.000,97510.703,57.692,97510.703
0.000,0.000,1.000,0.000,1.000,0.000,97511.172,0.468,97511.172
1.000,0.000,1.000,0.000,1.000,0.000,97561.953,50.784,97561.953
0.000,0.000,1.000,0.000,1.000,0.000,97562.438,0.484,97562.438
1.000,0.000,1.000,0.000,1.000,0.000,97616.648,54.212,97616.648
0.000,0.000,1.000,0.000,1.000,0.000,97617.133,0.484,97617.133
1.000,0.000,1.000,0.000,1.000,0.000,97675.367,58.236,97675.367
0.000,0.000,1.000,0.000,1.000,0.000,97675.836,0.468,97675.836
1.000,0.000,1.000,0.000,1.000,0.000,97726.047,50.212,97726.047
0.000,0.000,1.000,0.000,1.000,0.000,97726.531,0.484,97726.531
1.000,0.000,1.000,0.000,1.000,0.000,97780.750,54.216,97780.750
0.000,0.000,1.000,0.000,1.000,0.000,97781.227,0.480,97781.227
1.000,0.000,1.000,0.000,1.000,0.000,97837.648,56.420,97837.648
0.000,0.000,1.000,0.000,1.000,0.000,97838.117,0.468,97838.117
1.000,0.000,1.000,0.000,1.000,0.000,97890.094,51.980,97890.094
0.000,0.000,1.000,0.000,1.000,0.000,97890.578,0.480,97890.578
1.000,0.000,1.000,0.000,1.000,0.000,97944.742,54.168,97944.742
0.000,0.000,1.000,0.000,1.000,0.000,97945.234,0.488,97945.234
1.000,0.000,1.000,0.000,1.000,0.000,98002.070,56.840,98002.070
0.000,0.000,1.000,0.000,1.000,0.000,98002.539,0.468,98002.539
1.000,0.000,1.000,0.000,1.000,0.000,98054.047,51.504,98054.047
0.000,0.000,1.000,0.000,1.000,0.000,98054.539,0.496,98054.539
1.000,0.000,1.000,0.000,1.000,0.000,98108.680,54.140,98108.680
0.000,0.000,1.000,0.000,1.000,0.000,98109.156,0.480,98109.156
1.000,0.000,1.000,0.000,1.000,0.000,98163.547,54.388,98163.547
0.000,0.000,1.000,0.000,1.000,0.000,98164.016,0.468,98164.016
1.000,0.000,1.000,0.000,1.000,0.000,98217.914,53.900,98217.914
0.000,0.000,1.000,0.000,1.000,0.000,98218.398,0.480,98218.398
1.000,0.000,1.000,0.000,1.000,0.000,98272.492,54.096,98272.492
0.000,0.000,1.000,0.000,1.000,0.000,98272.977,0.488,98272.977
1.000,0.000,1.000,0.000,1.000,0.000,98329.664,56.684,98329.664
0.000,0.000,1.000,0.000,1.000,0.000,98330.133,0.472,98330.133
1.000,0.000,1.000,0.000,1.000,0.000,98381.664,51.528,98381.664
0.000,0.000,1.000,0.000,1.000,0.000,98382.148,0.488,98382.148
1.000,0.000,1.000,0.000,1.000,0.000,98436.250,54.096,98436.250
0.000,0.000,1.000,0.000,1.000,0.000,98436.727,0.480,98436.727
1.000,0.000,1.000,0.000,1.000,0.000,98493.453,56.728,98493.453
0.000,0.000,1.000,0.000,1.000,0.000,98493.938,0.480,98493.938
1.000,0.000,1.000,0.000,1.000,0.000,98545.391,51.456,98545.391
0.000,0.000,1.000,0.000,1.000,0.000,98545.875,0.480,98545.875
1.000,0.000,1.000,0.000,1.000,0.000,98599.961,54.092,98599.961
0.000,0.000,1.000,0.000,1.000,0.000,98600.445,0.480,98600.445
1.000,0.000,1.000,0.000,1.000,0.000,98654.523,54.080,98654.523
0.000,0.000,1.000,0.000,1.000,0.000,98654.992,0.468,98654.992
1.000,0.000,1.000,0.000,1.000,0.000,98709.094,54.100,98709.094
0.000,0.000,1.000,0.000,1.000,0.000,98709.578,0.484,98709.578
1.000,0.000,1.000,0.000,1.000,0.000,98763.695,54.120,98763.695
0.000,0.000,1.000,0.000,1.000,0.000,98764.172,0.476,98764.172
1.000,0.000,1.000,0.000,1.000,0.000,98821.422,57.248,98821.422
0.000,0.000,1.000,0.000,1.000,0.000,98821.898,0.480,98821.898
1.000,0.000,1.000,0.000,1.000,0.000,98872.875,50.976,98872.875
0.000,0.000,1.000,0.000,1.000,0.000,98873.367,0.488,98873.367
1.000,0.000,1.000,0.000,1.000,0.000,98927.469,54.104,98927.469
0.000,0.000,1.000,0.000,1.000,0.000,98927.945,0.480,98927.945
1.000,0.000,1.000,0.000,1.000,0.000,98982.063,54.112,98982.063
0.000,0.000,1.000,0.000,1.000,0.000,98982.547,0.484,98982.547
1.000,0.000,1.000,0.000,1.000,0.000,99036.648,54.104,99036.648
0.000,0.000,1.000,0.000,1.000,0.000,99037.133,0.484,99037.133
1.000,0.000,1.000,0.000,1.000,0.000,99091.281,54.148,99091.281
0.000,0.000,1.000,0.000,1.000,0.000,99091.750,0.472,99091.750
1.000,0.000,1.000,0.000,1.000,0.000,99145.906,54.156,99145.906
0.000,0.000,1.000,0.000,1.000,0.000,99146.391,0.480,99146.391
1.000,0.000,1.000,0.000,1.000,0.000,99200.531,54.144,99200.531
0.000,0.000,1.000,0.000,1.000,0.000,99201.023,0.488,99201.023
1.000,0.000,1.000,0.000,1.000,0.000,99255.203,54.184,99255.203
0.000,0.000,1.000,0.000,1.000,0.000,99255.688,0.480,99255.688
1.000,0.000,1.000,0.000,1.000,0.000,99309.875,54.188,99309.875
0.000,0.000,1.000,0.000,1.000,0.000,99310.359,0.484,99310.359
1.000,0.000,1.000,0.000,1.000,0.000,99364.523,54.164,99364.523
0.000,0.000,1.000,0.000,1.000,0.000,99365.000,0.480,99365.000
1.000,0.000,1.000,0.000,1.000,0.000,99419.234,54.232,99419.234
0.000,0.000,1.000,0.000,1.000,0.000,99419.719,0.484,99419.719
1.000,0.000,1.000,0.000,1.000,0.000,99477.961,58.248,99477.961
0.000,0.000,1.000,0.000,1.000,0.000,99478.445,0.480,99478.445
1.000,0.000,1.000,0.000,1.000,0.000,99528.609,50.168,99528.609
0.000,0.000,1.000,0.000,1.000,0.000,99529.102,0.488,99529.102
1.000,0.000,1.000,0.000,1.000,0.000,99583.289,54.192,99583.289
0.000,0.000,1.000,0.000,1.000,0.000,99583.773,0.484,99583.773
1.000,0.000,1.000,0.000,1.000,0.000,99637.984,54.208,99637.984
0.000,0.000,1.000,0.000,1.000,0.000,99642.586,4.604,99642.586
1.000,0.000,1.000,0.000,1.000,0.000,99692.656,50.072,99692.656
0.000,0.000,1.000,0.000,1.000,0.000,99693.148,0.488,99693.148
1.000,0.000,1.000,0.000,1.000,0.000,99747.328,54.180,99747.328
0.000,0.000,1.000,0.000,1.000,0.000,99747.813,0.484,99747.813
1.000,0.000,1.000,0.000,1.000,0.000,99802.031,54.216,99802.031
0.000,0.000,1.000,0.000,1.000,0.000,99802.492,0.468,99802.492
1.000,0.000,1.000,0.000,1.000,0.000,99856.703,54.208,99856.703
0.000,0.000,1.000,0.000,1.000,0.000,99857.203,0.496,99857.203
1.000,0.000,1.000,0.000,1.000,0.000,99911.383,54.180,99911.383
0.000,0.000,1.000,0.000,1.000,0.000,99911.867,0.488,99911.867
1.000,0.000,1.000,0.000,1.000,0.000,99966.055,54.184,99966.055
0.000,0.000,1.000,0.000,1.000,0.000,99966.531,0.480,99966.531
1.000,0.000,1.000,0.000,1.000,0.000,100020.727,54.196,100020.727
0.000,0.000,1.000,0.000,1.000,0.000,100021.219,0.488,100021.219
1.000,0.000,1.000,0.000,1.000,0.000,100075.453,54.240,100075.453
0.000,0.000,1.000,0.000,1.000,0.000,100075.938,0.480,100075.938
1.000,0.000,1.000,0.000,1.000,0.000,100133.734,57.796,100133.734
0.000,0.000,1.000,0.000,1.000,0.000,100134.203,0.468,100134.203
1.000,0.000,1.000,0.000,1.000,0.000,100184.867,50.668,100184.867
0.000,0.000,1.000,0.000,1.000,0.000,100185.344,0.472,100185.344
1.000,0.000,1.000,0.000,1.000,0.000,100239.563,54.224,100239.563
0.000,0.000,1.000,0.000,1.000,0.000,100240.047,0.480,100240.047
1.000,0.000,1.000,0.000,1.000,0.000,100294.266,54.220,100294.266
0.000,0.000,1.000,0.000,1.000,0.000,100294.750,0.484,100294.750
1.000,0.000,1.000,0.000,1.000,0.000,100348.961,54.216,100348.961
0.000,0.000,1.000,0.000,1.000,0.000,100349.445,0.480,100349.445
1.000,0.000,1.000,0.000,1.000,0.000,100403.648,54.208,100403.648
0.000,0.000,1.000,0.000,1.000,0.000,100404.125,0.472,100404.125
1.000,0.000,1.000,0.000,1.000,0.000,100460.438,56.312,100460.438
0.000,0.000,1.000,0.000,1.000,0.000,100460.922,0.484,100460.922
1.000,0.000,1.000,0.000,1.000,0.000,100513.016,52.096,100513.016
0.000,0.000,1.000,0.000,1.000,0.000,100513.492,0.480,100513.492
1.000,0.000,1.000,0.000,1.000,0.000,100567.680,54.180,100567.680
0.000,0.000,1.000,0.000,1.000,0.000,100568.164,0.488,100568.164
1.000,0.000,1.000,0.000,1.000,0.000,100622.352,54.184,100622.352
0.000,0.000,1.000,0.000,1.000,0.000,100622.828,0.480,100622.828
1.000,0.000,1.000,0.000,1.000,0.000,100677.000,54.172,100677.000
0.000,0.000,1.000,0.000,1.000,0.000,100677.523,0.524,100677.523
1.000,0.000,1.000,0.000,1.000,0.000,100731.703,54.176,100731.703
0.000,0.000,1.000,0.000,1.000,0.000,100732.188,0.484,100732.188
1.000,0.000,1.000,0.000,1.000,0.000,100786.398,54.216,100786.398
0.000,0.000,1.000,0.000,1.000,0.000,100786.867,0.468,100786.867
1.000,0.000,1.000,0.000,1.000,0.000,100841.094,54.224,100841.094
0.000,0.000,1.000,0.000,1.000,0.000,100841.578,0.484,100841.578
1.000,0.000,1.000,0.000,1.000,0.000,100895.805,54.228,100895.805
1.000,0.000,1.000,0.000,1.000,0.000,101169.945,274.140,101169.945
0.000,0.000,1.000,0.000,1.000,0.000,101170.422,0.476,101170.422
1.000,0.000,1.000,0.000,1.000,0.000,101224.859,54.436,101224.859
0.000,0.000,1.000,0.000,1.000,0.000,101225.336,0.480,101225.336
0.000,0.000,0.000,0.000,0.000,0.000,101225.336,0.480,101225.336
0.000,0.000,0.000,0.000,0.000,0.000,101225.336,0.480,101225.336
0.000,0.000,0.000,0.000,0.000,0.000,101225.336,0.480,101225.336
0.000,0.000,0.000,0.000,0.000,0.000,101225.336,0.480,101225.336
0.000,0.000,0.000,0.000,0.000,0.000,101225.336,0.480,101225.336
0.000,0.000,0.000,0.000,0.000,0.000,101225.336,0.480,101225.336
0.000,0.000,0.000,0.000,0.000,0.000,101225.336,0.480,101225.336
0.000,0.000,0.000,0.000,0.000,0.000,101225.336,0.480,101225.336
0.000,0.000,0.000,0.000,0.000,0.000,101225.336,0.480,101225.336
0.000,0.000,0.000,0.000,0.000,0.000,101225.336,0.480,101225.336
0.000,0.000,0.000,0.000,0.000,0.000,101225.336,0.480,101225.336
0.000,0.000,0.000,0.000,0.000,0.000,101225.336,0.480,101225.336
0.000,0.000,0.000,0.000,0.000,0.000,101225.336,0.480,101225.336
0.000,0.000,0.000,0.000,0.000,0.000,101225.336,0.480,101225.336
0.000,0.000,0.000,0.000,0.000,0.000,101225.336,0.480,101225.336
0.000,0.000,0.000,0.000,0.000,0.000,101225.336,0.480,101225.336
0.000,0.000,0.000,0.000,0.000,0.000,101225.336,0.480,101225.336
0.000,0.000,0.000,0.000,0.000,0.000,101225.336,0.480,101225.336
0.000,0.000,0.000,0.000,0.000,0.000,101225.336,0.480,101225.336
0.000,0.000,0.000,0.000,0.000,0.000,101225.336,0.480,101225.336
0.000,0.000,0.000,0.000,0.000,0.000,101225.336,0.480,101225.336
0.000,0.000,0.000,0.000,0.000,0.000,101225.336,0.480,101225.336
0.000,0.000,0.000,0.000,0.000,0.000,101225.336,0.480,101225.336
0.000,0.000,0.000,0.000,0.000,0.000,101225.336,0.480,101225.336
0.000,0.000,0.000,0.000,0.000,0.000,101225.336,0.480,101225.336
0.000,0.000,0.000,0.000,0.000,0.000,101225.336,0.480,101225.336
0.000,0.000,0.000,0.000,0.000,0.000,101225.336,0.480,101225.336
0.000,0.000,0.000,0.000,0.000,0.000,101225.336,0.480,101225.336
0.000,0.000,0.000,0.000,0.000,0.000,101225.336,0.480,101225.336
0.000,0.000,0.000,0.000,0.000,0.000,101225.336,0.480,101225.336
0.000,0.000,0.000,0.000,0.000,0.000,101225.336,0.480,101225.336
0.000,0.000,0.000,0.000,0.000,0.000,101225.336,0.480,101225.336
0.000,0.000,0.000,0.000,0.000,0.000,101225.336,0.480,101225.336
0.000,0.000,0.000,0.000,0.000,0.000,101225.336,0.480,101225.336
0.000,0.000,0.000,0.000,0.000,0.000,101225.336,0.480,101225.336
0.000,0.000,0.000,0.000,0.000,0.000,101225.336,0.480,101225.336
0.000,0.000,0.000,0.000,0.000,0.000,101225.336,0.480,101225.336
0.000,0.000,0.000,0.000,0.000,0.000,101225.336,0.480,101225.336
0.000,0.000,0.000,0.000,0.000,0.000,101225.336,0.480,101225.336
0.000,0.000,0.000,0.000,0.000,0.000,101225.336,0.480,101225.336
0.000,0.000,0.000,0.000,0.000,0.000,101225.336,0.480,101225.336
0.000,0.000,0.000,0.000,0.000,0.000,101225.336,0.480,101225.336
0.000,0.000,0.000,0.000,0.000,0.000,101225.336,0.480,101225.336
0.000,0.000,0.000,0.000,0.000,0.000,101225.336,0.480,101225.336
0.000,0.000,0.000,0.000,0.000,0.000,101225.336,0.480,101225.336
0.000,0.000,0.000,0.000,0.000,0.000,101225.336,0.480,101225.336
0.000,0.000,0.000,0.000,0.000,0.000,101225.336,0.480,101225.336
0.000,0.000,0.000,0.000,0.000,0.000,101225.336,0.480,101225.336
0.000,0.000,0.000,0.000,0.000,0.000,101225.336,0.480,101225.336
0.000,0.000,0.000,0.000,0.000,0.000,101225.336,0.480,101225.336
0.000,0.000,0.000,0.000,0.000,0.000,101225.336,0.480,101225.336
0.000,0.000,0.000,0.000,0.000,0.000,101225.336,0.480,101225.336
0.000,0.000,0.000,0.000,0.000,0.000,101225.336,0.480,101225.336
0.000,0.000,0.000,0.000,0.000,0.000,101225.336,0.480,101225.336
0.000,0.000,0.000,0.000,0.000,0.000,101225.336,0.480,101225.336
0.000,0.000,0.000,0.000,0.000,0.000,101225.336,0.480,101225.336
0.000,0.000,0.000,0.000,0.000,0.000,101225.336,0.480,101225.336
0.000,0.000,0.000,0.000,0.000,0.000,101225.336,0.480,101225.336
0.000,0.000,0.000,0.000,0.000,0.000,101225.336,0.480,101225.336
0.000,0.000,0.000,0.000,0.000,0.000,101225.336,0.480,101225.336
0.000,0.000,0.000,0.000,0.000,0.000,101225.336,0.480,101225.336
0.000,0.000,0.000,0.000,0.000,0.000,101225.336,0.480,101225.336
0.000,0.000,0.000,0.000,0.000,0.000,101225.336,0.480,101225.336
0.000,0.000,0.000,0.000,0.000,0.000,101225.336,0.480,101225.336
0.000,0.000,0.000,0.000,0.000,0.000,101225.336,0.480,101225.336
0.000,0.000,0.000,0.000,0.000,0.000,101225.336,0.480,101225.336
0.000,0.000,0.000,0.000,0.000,0.000,101225.336,0.480,101225.336
0.000,0.000,0.000,0.000,0.000,0.000,101225.336,0.480,101225.336
0.000,0.000,0.000,0.000,0.000,0.000,101225.336,0.480,101225.336
0.000,0.000,0.000,0.000,0.000,0.000,101225.336,0.480,101225.336
0.000,0.000,0.000,0.000,0.000,0.000,101225.336,0.480,101225.336
0.000,0.000,0.000,0.000,0.000,0.000,101225.336,0.480,101225.336
0.000,0.000,0.000,0.000,0.000,0.000,101225.336,0.480,101225.336
0.000,0.000,0.000,0.000,0.000,0.000,101225.336,0.480,101225.336
0.000,0.000,0.000,0.000,0.000,0.000,101225.336,0.480,101225.336
0.000,0.000,0.000,0.000,0.000,0.000,101225.336,0.480,101225.336
0.000,0.000,0.000,0.000,0.000,0.000,101225.336,0.480,101225.336
0.000,0.000,0.000,0.000,0.000,0.000,101225.336,0.480,101225.336
0.000,0.000,0.000,0.000,0.000,0.000,101225.336,0.480,101225.336
0.000,0.000,0.000,0.000,0.000,0.000,101225.336,0.480,101225.336
0.000,0.000,0.000,0.000,0.000,0.000,101225.336,0.480,101225.336
0.000,0.000,0.000,0.000,0.000,0.000,101225.336,0.480,101225.336
0.000,0.000,0.000,0.000,0.000,0.000,101225.336,0.480,101225.336
0.000,0.000,0.000,0.000,0.000,0.000,101225.336,0.480,101225.336
0.000,0.000,0.000,0.000,0.000,0.000,101225.336,0.480,101225.336
0.000,0.000,0.000,0.000,0.000,0.000,101225.336,0.480,101225.336
0.000,0.000,0.000,0.000,0.000,0.000,101225.336,0.480,101225.336
0.000,0.000,0.000,0.000,0.000,0.000,101225.336,0.480,101225.336
0.000,0.000,0.000,0.000,0.000,0.000,101225.336,0.480,101225.336
0.000,0.000,0.000,0.000,0.000,0.000,101225.336,0.480,101225.336
0.000,0.000,0.000,0.000,0.000,0.000,101225.336,0.480,101225.336
0.000,0.000,0.000,0.000,0.000,0.000,101225.336,0.480,101225.336
0.000,0.000,0.000,0.000,0.000,0.000,101225.336,0.480,101225.336
0.000,0.000,0.000,0.000,0.000,0.000,101225.336,0.480,101225.336
0.000,0.000,0.000,0.000,0.000,0.000,101225.336,0.480,101225.336
0.000,0.000,0.000,0.000,0.000,0.000,101225.336,0.480,101225.336
0.000,0.000,0.000,0.000,0.000,0.000,101225.336,0.480,101225.336
0.000,0.000,0.000,0.000,0.000,0.000,101225.336,0.480,101225.336
0.000,0.000,0.000,0.000,0.000,0.000,101225.336,0.480,101225.336
0.000,0.000,0.000,0.000,0.000,0.000,101225.336,0.480,101225.336
0.000,0.000,0.000,0.000,0.000,0.000,101225.336,0.480,101225.336
0.000,0.000,0.000,0.000,0.000,0.000,101225.336,0.480,101225.336
0.000,0.000,0.000,0.000,0.000,0.000,101225.336,0.480,101225.336
0.000,0.000,0.000,0.000,0.000,0.000,101225.336,0.480,101225.336
0.000,0.000,0.000,0.000,0.000,0.000,101225.336,0.480,101225.336
0.000,0.000,0.000,0.000,0.000,0.000,101225.336,0.480,101225.336
0.000,0.000,0.000,0.000,0.000,0.000,101225.336,0.480,101225.336
0.000,0.000,0.000,0.000,0.000,0.000,101225.336,0.480,101225.336
0.000,0.000,0.000,0.000,0.000,0.000,101225.336,0.480,101225.336
0.000,0.000,0.000,0.000,0.000,0.000,101225.336,0.480,101225.336
0.000,0.000,0.000,0.000,0.000,0.000,101225.336,0.480,101225.336
0.000,0.000,0.000,0.000,0.000,0.000,101225.336,0.480,101225.336
0.000,0.000,0.000,0.000,0.000,0.000,101225.336,0.480,101225.336
0.000,0.000,0.000,0.000,0.000,0.000,101225.336,0.480,101225.336
0.000,0.000,0.000,0.000,0.000,0.000,101225.336,0.480,101225.336
0.000,0.000,0.000,0.000,0.000,0.000,101225.336,0.480,101225.336
0.000,0.000,0.000,0.000,0.000,0.000,101225.336,0.480,101225.336
0.000,0.000,0.000,0.000,0.000,0.000,101225.336,0.480,101225.336
0.000,0.000,0.000,0.000,0.000,0.000,101225.336,0.480,101225.336
0.000,0.000,0.000,0.000,0.000,0.000,101225.336,0.480,101225.336
0.000,0.000,0.000,0.000,0.000,0.000,101225.336,0.480,101225.336
0.000,0.000,0.000,0.000,0.000,0.000,101225.336,0.480,101225.336
0.000,0.000,0.000,0.000,0.000,0.000,101225.336,0.480,101225.336
MARK 002
1.000,0.000,1.000,0.000,1.000,0.000,101334.555,109.220,101334.555
0.000,0.000,1.000,0.000,1.000,0.000,101335.023,0.468,101335.023
1.000,0.000,1.000,0.000,1.000,0.000,101389.352,54.324,101389.352
0.000,0.000,1.000,0.000,1.000,0.000,101389.828,0.480,101389.828
1.000,0.000,1.000,0.000,1.000,0.000,101444.148,54.324,101444.148
0.000,0.000,1.000,0.000,1.000,0.000,101444.617,0.468,101444.617
1.000,0.000,1.000,0.000,1.000,0.000,101498.945,54.324,101498.945
0.000,0.000,1.000,0.000,1.000,0.000,101499.414,0.472,101499.414
1.000,0.000,1.000,0.000,1.000,0.000,101553.727,54.308,101553.727
0.000,0.000,1.000,0.000,1.000,0.000,101554.211,0.484,101554.211
1.000,0.000,1.000,0.000,1.000,0.000,101608.531,54.324,101608.531
0.000,0.000,1.000,0.000,1.000,0.000,101609.000,0.468,101609.000
1.000,0.000,1.000,0.000,1.000,0.000,101663.320,54.324,101663.320
0.000,0.000,1.000,0.000,1.000,0.000,101663.828,0.508,101663.828
1.000,0.000,1.000,0.000,1.000,0.000,101718.117,54.284,101718.117
0.000,0.000,1.000,0.000,1.000,0.000,101718.594,0.480,101718.594
1.000,0.000,1.000,0.000,1.000,0.000,101772.922,54.328,101772.922
0.000,0.000,1.000,0.000,1.000,0.000,101773.406,0.484,101773.406
1.000,0.000,1.000,0.000,1.000,0.000,101827.719,54.308,101827.719
0.000,0.000,1.000,0.000,1.000,0.000,101828.188,0.468,101828.188
1.000,0.000,1.000,0.000,1.000,0.000,101882.508,54.324,101882.508
0.000,0.000,1.000,0.000,1.000,0.000,101882.984,0.480,101882.984
1.000,0.000,1.000,0.000,1.000,0.000,101937.297,54.312,101937.297
0.000,0.000,1.000,0.000,1.000,0.000,101937.766,0.468,101937.766
1.000,0.000,1.000,0.000,1.000,0.000,101992.086,54.320,101992.086
0.000,0.000,1.000,0.000,1.000,0.000,101992.578,0.488,101992.578
1.000,0.000,1.000,0.000,1.000,0.000,102046.883,54.308,102046.883
0.000,0.000,1.000,0.000,1.000,0.000,102047.367,0.484,102047.367
1.000,0.000,1.000,0.000,1.000,0.000,102101.695,54.324,102101.695
0.000,0.000,1.000,0.000,1.000,0.000,102102.156,0.468,102102.156
1.000,0.000,1.000,0.000,1.000,0.000,102156.484,54.324,102156.484
0.000,0.000,1.000,0.000,1.000,0.000,102156.953,0.468,102156.953
1.000,0.000,1.000,0.000,1.000,0.000,102211.273,54.324,102211.273
0.000,0.000,1.000,0.000,1.000,0.000,102211.758,0.480,102211.758
1.000,0.000,1.000,0.000,1.000,0.000,102266.086,54.328,102266.086
0.000,0.000,1.000,0.000,1.000,0.000,102266.570,0.484,102266.570
1.000,0.000,1.000,0.000,1.000,0.000,102320.875,54.308,102320.875
0.000,0.000,1.000,0.000,1.000,0.000,102321.352,0.472,102321.352
1.000,0.000,1.000,0.000,1.000,0.000,102375.672,54.320,102375.672
0.000,0.000,1.000,0.000,1.000,0.000,102376.148,0.484,102376.148
1.000,0.000,1.000,0.000,1.000,0.000,102430.461,54.308,102430.461
0.000,0.000,1.000,0.000,1.000,0.000,102430.930,0.468,102430.930
1.000,0.000,1.000,0.000,1.000,0.000,102485.250,54.324,102485.250
0.000,0.000,1.000,0.000,1.000,0.000,102485.734,0.484,102485.734
1.000,0.000,1.000,0.000,1.000,0.000,102540.047,54.312,102540.047
0.000,0.000,1.000,0.000,1.000,0.000,102540.531,0.480,102540.531
1.000,0.000,1.000,0.000,1.000,0.000,102594.859,54.328,102594.859
0.000,0.000,1.000,0.000,1.000,0.000,102595.344,0.488,102595.344
1.000,0.000,1.000,0.000,1.000,0.000,102649.648,54.304,102649.648
0.000,0.000,1.000,0.000,1.000,0.000,102650.117,0.472,102650.117
1.000,0.000,1.000,0.000,1.000,0.000,102704.438,54.320,102704.438
0.000,0.000,1.000,0.000,1.000,0.000,102704.922,0.480,102704.922
1.000,0.000,1.000,0.000,1.000,0.000,102759.234,54.312,102759.234
0.000,0.000,1.000,0.000,1.000,0.000,102759.719,0.484,102759.719
1.000,0.000,1.000,0.000,1.000,0.000,102814.023,54.308,102814.023
0.000,0.000,1.000,0.000,1.000,0.000,102814.492,0.472,102814.492
1.000,0.000,1.000,0.000,1.000,0.000,102868.820,54.324,102868.820
0.000,0.000,1.000,0.000,1.000,0.000,102869.344,0.524,102869.344
1.000,0.000,1.000,0.000,1.000,0.000,102923.625,54.280,102923.625
0.000,0.000,1.000,0.000,1.000,0.000,102924.094,0.468,102924.094
1.000,0.000,1.000,0.000,1.000,0.000,102978.414,54.324,102978.414
0.000,0.000,1.000,0.000,1.000,0.000,102978.906,0.488,102978.906
1.000,0.000,1.000,0.000,1.000,0.000,103033.211,54.308,103033.211
0.000,0.000,1.000,0.000,1.000,0.000,103033.695,0.480,103033.695
1.000,0.000,1.000,0.000,1.000,0.000,103088.000,54.308,103088.000
0.000,0.000,1.000,0.000,1.000,0.000,103088.469,0.472,103088.469
1.000,0.000,1.000,0.000,1.000,0.000,103142.805,54.336,103142.805
0.000,0.000,1.000,0.000,1.000,0.000,103143.281,0.472,103143.281
1.000,0.000,1.000,0.000,1.000,0.000,103197.602,54.320,103197.602
0.000,0.000,1.000,0.000,1.000,0.000,103198.086,0.484,103198.086
1.000,0.000,1.000,0.000,1.000,0.000,103252.391,54.308,103252.391
0.000,0.000,1.000,0.000,1.000,0.000,103252.875,0.484,103252.875
1.000,0.000,1.000,0.000,1.000,0.000,103307.188,54.308,103307.188
0.000,0.000,1.000,0.000,1.000,0.000,103307.656,0.472,103307.656
1.000,0.000,1.000,0.000,1.000,0.000,103361.977,54.324,103361.977
0.000,0.000,1.000,0.000,1.000,0.000,103362.461,0.480,103362.461
1.000,0.000,1.000,0.000,1.000,0.000,103416.781,54.324,103416.781
0.000,0.000,1.000,0.000,1.000,0.000,103417.250,0.468,103417.250
1.000,0.000,1.000,0.000,1.000,0.000,103471.578,54.324,103471.578
0.000,0.000,1.000,0.000,1.000,0.000,103472.125,0.552,103472.125
1.000,0.000,1.000,0.000,1.000,0.000,103526.375,54.244,103526.375
0.000,0.000,1.000,0.000,1.000,0.000,103526.852,0.480,103526.852
1.000,0.000,1.000,0.000,1.000,0.000,103581.164,54.312,103581.164
0.000,0.000,1.000,0.000,1.000,0.000,103581.633,0.468,103581.633
1.000,0.000,1.000,0.000,1.000,0.000,103635.953,54.324,103635.953
0.000,0.000,1.000,0.000,1.000,0.000,103636.430,0.472,103636.430
1.000,0.000,1.000,0.000,1.000,0.000,103690.750,54.324,103690.750
0.000,0.000,1.000,0.000,1.000,0.000,103691.234,0.480,103691.234
1.000,0.000,1.000,0.000,1.000,0.000,103745.555,54.324,103745.555
0.000,0.000,1.000,0.000,1.000,0.000,103746.039,0.484,103746.039
1.000,0.000,1.000,0.000,1.000,0.000,103800.352,54.308,103800.352
0.000,0.000,1.000,0.000,1.000,0.000,103800.820,0.472,103800.820
1.000,0.000,1.000,0.000,1.000,0.000,103855.141,54.324,103855.141
0.000,0.000,1.000,0.000,1.000,0.000,103855.625,0.480,103855.625
1.000,0.000,1.000,0.000,1.000,0.000,103909.938,54.312,103909.938
0.000,0.000,1.000,0.000,1.000,0.000,103910.406,0.468,103910.406
1.000,0.000,1.000,0.000,1.000,0.000,103964.727,54.320,103964.727
0.000,0.000,1.000,0.000,1.000,0.000,103965.195,0.472,103965.195
1.000,0.000,1.000,0.000,1.000,0.000,104019.539,54.340,104019.539
0.000,0.000,1.000,0.000,1.000,0.000,104020.016,0.480,104020.016
1.000,0.000,1.000,0.000,1.000,0.000,104074.320,54.308,104074.320
0.000,0.000,1.000,0.000,1.000,0.000,104074.805,0.484,104074.805
1.000,0.000,1.000,0.000,1.000,0.000,104129.117,54.308,104129.117
0.000,0.000,1.000,0.000,1.000,0.000,104129.586,0.472,104129.586
1.000,0.000,1.000,0.000,1.000,0.000,104183.914,54.324,104183.914
0.000,0.000,1.000,0.000,1.000,0.000,104184.391,0.480,104184.391
1.000,0.000,1.000,0.000,1.000,0.000,104238.719,54.324,104238.719
0.000,0.000,1.000,0.000,1.000,0.000,104239.203,0.488,104239.203
0.000,0.000,0.000,0.000,0.000,0.000,104239.203,0.488,104239.203
0.000,0.000,0.000,0.000,0.000,0.000,104239.203,0.488,104239.203
0.000,0.000,0.000,0.000,0.000,0.000,104239.203,0.488,104239.203
0.000,0.000,0.000,0.000,0.000,0.000,104239.203,0.488,104239.203
0.000,0.000,0.000,0.000,0.000,0.000,104239.203,0.488,104239.203
0.000,0.000,0.000,0.000,0.000,0.000,104239.203,0.488,104239.203
0.000,0.000,0.000,0.000,0.000,0.000,104239.203,0.488,104239.203
0.000,0.000,0.000,0.000,0.000,0.000,104239.203,0.488,104239.203
0.000,0.000,0.000,0.000,0.000,0.000,104239.203,0.488,104239.203
0.000,0.000,0.000,0.000,0.000,0.000,104239.203,0.488,104239.203
0.000,0.000,0.000,0.000,0.000,0.000,104239.203,0.488,104239.203
0.000,0.000,0.000,0.000,0.000,0.000,104239.203,0.488,104239.203
0.000,0.000,0.000,0.000,0.000,0.000,104239.203,0.488,104239.203
0.000,0.000,0.000,0.000,0.000,0.000,104239.203,0.488,104239.203
0.000,0.000,0.000,0.000,0.000,0.000,104239.203,0.488,104239.203
0.000,0.000,0.000,0.000,0.000,0.000,104239.203,0.488,104239.203
0.000,0.000,0.000,0.000,0.000,0.000,104239.203,0.488,104239.203
0.000,0.000,0.000,0.000,0.000,0.000,104239.203,0.488,104239.203
0.000,0.000,0.000,0.000,0.000,0.000,104239.203,0.488,104239.203
0.000,0.000,0.000,0.000,0.000,0.000,0.000,-104239.203,0.000
0.000,0.000,0.000,0.000,0.000,0.000,0.000,-104239.203,0.000
0.000,0.000,0.000,0.000,0.000,0.000,0.000,-104239.203,0.000
0.000,0.000,0.000,0.000,0.000,0.000,0.000,-104239.203,0.000
0.000,0.000,0.000,0.000,0.000,0.000,0.000,-104239.203,0.000
0.000,0.000,0.000,0.000,0.000,0.000,0.000,-104239.203,0.000
0.000,0.000,0.000,0.000,0.000,0.000,0.000,-104239.203,0.000
0.000,0.000,0.000,0.000,0.000,0.000,0.000,-104239.203,0.000
0.000,0.000,0.000,0.000,0.000,0.000,0.000,-104239.203,0.000
0.000,0.000,0.000,0.000,0.000,0.000,0.000,-104239.203,0.000
0.000,0.000,0.000,0.000,0.000,0.000,0.000,-104239.203,0.000
0.000,0.000,0.000,0.000,0.000,0.000,0.000,-104239.203,0.000
0.000,0.000,0.000,0.000,0.000,0.000,0.000,-104239.203,0.000
0.000,0.000,0.000,0.000,0.000,0.000,0.000,-104239.203,0.000
0.000,0.000,0.000,0.000,0.000,0.000,0.000,-104239.203,0.000
0.000,0.000,0.000,0.000,0.000,0.000,0.000,-104239.203,0.000
0.000,0.000,0.000,0.000,0.000,0.000,0.000,-104239.203,0.000
0.000,0.000,0.000,0.000,0.000,0.000,0.000,-104239.203,0.000
0.000,0.000,0.000,0.000,0.000,0.000,0.000,-104239.203,0.000
0.000,0.000,0.000,0.000,0.000,0.000,0.000,-104239.203,0.000
0.000,0.000,0.000,0.000,0.000,0.000,0.000,-104239.203,0.000
0.000,0.000,0.000,0.000,0.000,0.000,0.000,-104239.203,0.000
0.000,0.000,0.000,0.000,0.000,0.000,0.000,-104239.203,0.000
0.000,0.000,0.000,0.000,0.000,0.000,0.000,-104239.203,0.000
0.000,0.000,0.000,0.000,0.000,0.000,0.000,-104239.203,0.000
0.000,0.000,0.000,0.000,0.000,0.000,0.000,-104239.203,0.000
0.000,0.000,0.000,0.000,0.000,0.000,0.000,-104239.203,0.000
0.000,0.000,0.000,0.000,0.000,0.000,0.000,-104239.203,0.000
0.000,0.000,0.000,0.000,0.000,0.000,0.000,-104239.203,0.000
0.000,0.000,0.000,0.000,0.000,0.000,0.000,-104239.203,0.000
0.000,0.000,0.000,0.000,0.000,0.000,0.000,-104239.203,0.000
0.000,0.000,0.000,0.000,0.000,0.000,0.000,-104239.203,0.000
0.000,0.000,0.000,0.000,0.000,0.000,0.000,-104239.203,0.000
0.000,0.000,0.000,0.000,0.000,0.000,0.000,-104239.203,0.000
0.000,0.000,0.000,0.000,0.000,0.000,0.000,-104239.203,0.000
0.000,0.000,0.000,0.000,0.000,0.000,0.000,-104239.203,0.000
0.000,0.000,0.000,0.000,0.000,0.000,0.000,-104239.203,0.000
0.000,0.000,0.000,0.000,0.000,0.000,0.000,-104239.203,0.000
0.000,0.000,0.000,0.000,0.000,0.000,0.000,-104239.203,0.000
0.000,0.000,0.000,0.000,0.000,0.000,0.000,-104239.203,0.000
0.000,0.000,0.000,0.000,0.000,0.000,0.000,-104239.203,0.000
0.000,0.000,0.000,0.000,0.000,0.000,0.000,-104239.203,0.000
0.000,0.000,0.000,0.000,0.000,0.000,0.000,-104239.203,0.000
0.000,0.000,0.000,0.000,0.000,0.000,0.000,-104239.203,0.000
0.000,0.000,0.000,0.000,0.000,0.000,0.000,-104239.203,0.000
0.000,0.000,0.000,0.000,0.000,0.000,0.000,-104239.203,0.000
0.000,0.000,0.000,0.000,0.000,0.000,0.000,-104239.203,0.000
0.000,0.000,0.000,0.000,0.000,0.000,0.000,-104239.203,0.000
0.000,0.000,0.000,0.000,0.000,0.000,0.000,-104239.203,0.000
0.000,0.000,0.000,0.000,0.000,0.000,0.000,-104239.203,0.000
0.000,0.000,0.000,0.000,0.000,0.000,0.000,-104239.203,0.000
0.000,0.000,0.000,0.000,0.000,0.000,0.000,-104239.203,0.000
0.000,0.000,0.000,0.000,0.000,0.000,0.000,-104239.203,0.000
0.000,0.000,0.000,0.000,0.000,0.000,0.000,-104239.203,0.000
0.000,0.000,0.000,0.000,0.000,0.000,0.000,-104239.203,0.000
0.000,0.000,0.000,0.000,0.000,0.000,0.000,-104239.203,0.000
0.000,0.000,0.000,0.000,0.000,0.000,0.000,-104239.203,0.000
0.000,0.000,0.000,0.000,0.000,0.000,0.000,-104239.203,0.000
0.000,0.000,0.000,0.000,0.000,0.000,0.000,-104239.203,0.000
0.000,0.000,0.000,0.000,0.000,0.000,0.000,-104239.203,0.000
0.000,0.000,0.000,0.000,0.000,0.000,0.000,-104239.203,0.000
0.000,0.000,0.000,0.000,0.000,0.000,0.000,-104239.203,0.000
0.000,0.000,0.000,0.000,0.000,0.000,0.000,-104239.203,0.000
0.000,0.000,0.000,0.000,0.000,0.000,0.000,-104239.203,0.000
0.000,0.000,0.000,0.000,0.000,0.000,0.000,-104239.203,0.000
0.000,0.000,0.000,0.000,0.000,0.000,0.000,-104239.203,0.000
0.000,0.000,0.000,0.000,0.000,0.000,0.000,-104239.203,0.000
0.000,0.000,0.000,0.000,0.000,0.000,0.000,-104239.203,0.000
0.000,0.000,0.000,0.000,0.000,0.000,0.000,-104239.203,0.000
0.000,0.000,0.000,0.000,0.000,0.000,0.000,-104239.203,0.000
0.000,0.000,0.000,0.000,0.000,0.000,0.000,-104239.203,0.000
0.000,0.000,0.000,0.000,0.000,0.000,0.000,-104239.203,0.000
0.000,0.000,0.000,0.000,0.000,0.000,0.000,-104239.203,0.000
0.000,0.000,0.000,0.000,0.000,0.000,0.000,-104239.203,0.000
0.000,0.000,0.000,0.000,0.000,0.000,0.000,-104239.203,0.000
0.000,0.000,0.000,0.000,0.000,0.000,0.000,-104239.203,0.000
0.000,0.000,0.000,0.000,0.000,0.000,0.000,-104239.203,0.000
0.000,0.000,0.000,0.000,0.000,0.000,0.000,-104239.203,0.000
0.000,0.000,0.000,0.000,0.000,0.000,0.000,-104239.203,0.000
0.000,0.000,0.000,0.000,0.000,0.000,0.000,-104239.203,0.000
0.000,0.000,0.000,0.000,0.000,0.000,0.000,-104239.203,0.000
0.000,0.000,0.000,0.000,0.000,0.000,0.000,-104239.203,0.000
0.000,0.000,0.000,0.000,0.000,0.000,0.000,-104239.203,0.000
0.000,0.000,0.000,0.000,0.000,0.000,0.000,-104239.203,0.000
0.000,0.000,0.000,0.000,0.000,0.000,0.000,-104239.203,0.000
0.000,0.000,0.000,0.000,0.000,0.000,0.000,-104239.203,0.000
0.000,0.000,0.000,0.000,0.000,0.000,0.000,-104239.203,0.000
0.000,0.000,0.000,0.000,0.000,0.000,0.000,-104239.203,0.000
0.000,0.000,0.000,0.000,0.000,0.000,0.000,-104239.203,0.000
0.000,0.000,0.000,0.000,0.000,0.000,0.000,-104239.203,0.000
0.000,0.000,0.000,0.000,0.000,0.000,0.000,-104239.203,0.000
0.000,0.000,0.000,0.000,0.000,0.000,0.000,-104239.203,0.000
0.000,0.000,0.000,0.000,0.000,0.000,0.000,-104239.203,0.000
0.000,0.000,0.000,0.000,0.000,0.000,0.000,-104239.203,0.000
0.000,0.000,0.000,0.000,0.000,0.000,0.000,-104239.203,0.000
0.000,0.000,0.000,0.000,0.000,0.000,0.000,-104239.203,0.000
0.000,0.000,0.000,0.000,0.000,0.000,0.000,-104239.203,0.000
0.000,0.000,0.000,0.000,0.000,0.000,0.000,-104239.203,0.000
0.000,0.000,0.000,0.000,0.000,0.000,0.000,-104239.203,0.000
0.000,0.000,0.000,0.000,0.000,0.000,0.000,-104239.203,0.000
0.000,0.000,0.000,0.000,0.000,0.000,0.000,-104239.203,0.000
0.000,0.000,0.000,0.000,0.000,0.000,0.000,-104239.203,0.000
0.000,0.000,0.000,0.000,0.000,0.000,0.000,-104239.203,0.000
0.000,0.000,0.000,0.000,0.000,0.000,0.000,-104239.203,0.000
0.000,0.000,0.000,0.000,0.000,0.000,0.000,-104239.203,0.000
0.000,0.000,0.000,0.000,0.000,0.000,0.000,-104239.203,0.000
0.000,0.000,0.000,0.000,0.000,0.000,0.000,-104239.203,0.000
0.000,0.000,0.000,0.000,0.000,0.000,0.000,-104239.203,0.000
0.000,0.000,0.000,0.000,0.000,0.000,0.000,-104239.203,0.000
0.000,0.000,0.000,0.000,0.000,0.000,0.000,-104239.203,0.000
0.000,0.000,0.000,0.000,0.000,0.000,0.000,-104239.203,0.000
0.000,0.000,0.000,0.000,0.000,0.000,0.000,-104239.203,0.000
0.000,0.000,0.000,0.000,0.000,0.000,0.000,-104239.203,0.000
0.000,0.000,0.000,0.000,0.000,0.000,0.000,-104239.203,0.000
0.000,0.000,0.000,0.000,0.000,0.000,0.000,-104239.203,0.000
0.000,0.000,0.000,0.000,0.000,0.000,0.000,-104239.203,0.000
0.000,0.000,0.000,0.000,0.000,0.000,0.000,-104239.203,0.000
0.000,0.000,0.000,0.000,0.000,0.000,0.000,-104239.203,0.000
0.000,0.000,0.000,0.000,0.000,0.000,0.000,-104239.203,0.000
0.000,0.000,0.000,0.000,0.000,0.000,0.000,-104239.203,0.000
0.000,0.000,0.000,0.000,0.000,0.000,0.000,-104239.203,0.000
0.000,0.000,0.000,0.000,0.000,0.000,0.000,-104239.203,0.000
0.000,0.000,0.000,0.000,0.000,0.000,0.000,-104239.203,0.000
0.000,0.000,0.000,0.000,0.000,0.000,0.000,-104239.203,0.000
0.000,0.000,0.000,0.000,0.000,0.000,0.000,-104239.203,0.000
0.000,0.000,0.000,0.000,0.000,0.000,0.000,-104239.203,0.000
0.000,0.000,0.000,0.000,0.000,0.000,0.000,-104239.203,0.000
MARK 003
MARK 004
